year,temperature1970,121971,121972,231973,151974,141975,131976,261977,191978,231979,191980,161981,261982,171983,131984,171985,181986,121987,201988,231989,181990,161991,161992,191993,201994,231995,251996,191997,251998,241999,212000,262001,162002,242003,202004,182005,212006,182007,122008,212009,252010,182011,242012,242013,142014,182015,19