year,precipitation1970,81971,151972,151973,141974,111975,101976,101977,121978,91979,91980,111981,151982,71983,141984,131985,141986,131987,101988,111989,131990,81991,111992,121993,121994,131995,101996,91997,121998,61999,102000,132001,82002,132003,102004,122005,122006,72007,52008,142009,62010,82011,142012,72013,122014,122015,11